{
  "epochs": [
    1,
    2,
    3,
    4,
    5,
    6,
    7,
    8,
    9,
    10,
    11,
    12,
    13,
    14,
    15,
    16,
    17,
    18,
    19,
    20,
    21,
    22,
    23,
    24,
    25,
    26,
    27,
    28,
    29,
    30,
    31,
    32,
    33,
    34,
    35,
    36,
    37,
    38,
    39,
    40,
    41,
    42,
    43,
    44,
    45,
    46,
    47,
    48,
    49,
    50
  ],
  "train_loss": [
    0.3463,
    0.2768,
    0.2651,
    0.2554,
    0.2487,
    0.2447,
    0.2417,
    0.2394,
    0.2377,
    0.2356,
    0.2337,
    0.2447,
    0.24561315789473684,
    0.24742505540166204,
    0.24509998830004373,
    0.24373998866951604,
    0.2433436733272983,
    0.2438868677486368,
    0.24532390926779107,
    0.24258976762982531,
    0.2409581262456009,
    0.24038511627884293,
    0.2408045667072592,
    0.24213150249288728,
    0.23926616407914358,
    0.23765095647039614,
    0.23718308004627028,
    0.2377431120404256,
    0.2392004838455264,
    0.2364188361411621,
    0.23501101071998778,
    0.23480400902735812,
    0.2356209759517698,
    0.23728733276014663,
    0.23463594865369894,
    0.23345861101405072,
    0.23350625357706703,
    0.23454602257966906,
    0.23636568618768697,
    0.2337764292409351,
    0.2327589309673526,
    0.23298181573824275,
    0.23415758188651492,
    0.23604198225202694,
    0.23343183424426203,
    0.23250381557869695,
    0.23283434022142543,
    0.23408036984270453,
    0.23596926180970398,
    0.23328848326679277
  ]
}