{
  "epochs": [
    1,
    2,
    3,
    4,
    5,
    6,
    7
  ],
  "train_loss": [
    0.18387188070453703,
    0.14354888605652377,
    0.13627337306272239,
    0.13285904914257116,
    0.13073661109199747,
    0.1282806212466676,
    0.1250012645171955
  ],
  "dev_loss": [
    0.17048036250285803,
    0.16935223678126932,
    0.171873929167632,
    0.1727880497626029,
    0.17380369146587327,
    0.17464087238535286,
    0.17493262810399757
  ],
  "dev_task_losses": {
    "dialogue_summarization": [
      0.29556626655161383,
      0.2905275108665228,
      0.29466548435389994,
      0.2937977883219719,
      0.2971809746325016,
      0.2988564731180668,
      0.3006162232160568
    ],
    "qa_generation": [
      0.06282068630680442,
      0.06135527757927775,
      0.0631711068470031,
      0.06510341724380851,
      0.06711019708774985,
      0.06838021533563733,
      0.06877299415878951
    ],
    "role_generation": [
      0.11917644454166293,
      0.11269446523860097,
      0.11077380936592818,
      0.10924667336978018,
      0.10918047761544586,
      0.10933142250403761,
      0.10913799602538347
    ],
    "style_transfer": [
      0.204358052611351,
      0.21283169344067573,
      0.21888531610369683,
      0.223004320114851,
      0.2217431165277958,
      0.22199537858366966,
      0.2212032990157604
    ]
  },
  "best_epoch": 2,
  "best_dev_loss": 0.16935223678126932
}