epoch,train_loss
1,0.346300
2,0.276800
3,0.265100
4,0.255400
5,0.248700
6,0.244700
7,0.241700
8,0.239400
9,0.237700
10,0.235600
11,0.233700
12,0.244700
